monitoring_location_id,time,parameter_code,parameter_name,value,unit_of_measure,statistic_id,approval_status
USGS-01357500,2024-01-05,00060,,6870,ft^3/s,00003,Approved
USGS-01357500,2024-01-06,00060,,6050,ft^3/s,00003,Approved
USGS-01357500,2024-01-07,00060,,5730,ft^3/s,00003,Approved
USGS-01357500,2024-01-12,00060,,18200,ft^3/s,00003,Approved
USGS-01357500,2024-01-15,00060,,17700,ft^3/s,00003,Approved
USGS-01357500,2024-01-19,00060,,7520,ft^3/s,00003,Approved
USGS-01357500,2024-01-21,00060,,5470,ft^3/s,00003,Approved
USGS-01357500,2024-01-24,00060,,6170,ft^3/s,00003,Approved
USGS-01357500,2024-01-25,00060,,8150,ft^3/s,00003,Approved
USGS-01357500,2024-01-29,00060,,21100,ft^3/s,00003,Approved
USGS-01357500,2024-01-30,00060,,16400,ft^3/s,00003,Approved
USGS-01357500,2024-02-01,00060,,11700,ft^3/s,00003,Approved
USGS-01357500,2024-02-02,00060,,11400,ft^3/s,00003,Approved
USGS-01357500,2024-02-03,00060,,11800,ft^3/s,00003,Approved
USGS-01357500,2024-02-04,00060,,10700,ft^3/s,00003,Approved
USGS-01357500,2024-02-07,00060,,8360,ft^3/s,00003,Approved
USGS-01357500,2024-02-08,00060,,7020,ft^3/s,00003,Approved
USGS-01357500,2024-02-10,00060,,6560,ft^3/s,00003,Approved
USGS-01357500,2024-02-11,00060,,6750,ft^3/s,00003,Approved
USGS-01357500,2024-02-12,00060,,7880,ft^3/s,00003,Approved
USGS-01357500,2024-02-14,00060,,6900,ft^3/s,00003,Approved
USGS-01357500,2024-02-15,00060,,5890,ft^3/s,00003,Approved
USGS-01357500,2024-02-17,00060,,5850,ft^3/s,00003,Approved
USGS-01357500,2024-02-18,00060,,5070,ft^3/s,00003,Approved
USGS-01357500,2024-02-19,00060,,4920,ft^3/s,00003,Approved
USGS-01357500,2024-02-20,00060,,4550,ft^3/s,00003,Approved
USGS-01357500,2024-02-22,00060,,4250,ft^3/s,00003,Approved
USGS-01357500,2024-02-23,00060,,4660,ft^3/s,00003,Approved
USGS-01357500,2024-02-24,00060,,5210,ft^3/s,00003,Approved
USGS-01357500,2024-02-25,00060,,5010,ft^3/s,00003,Approved
USGS-01357500,2024-02-27,00060,,4710,ft^3/s,00003,Approved
USGS-01357500,2024-02-29,00060,,8270,ft^3/s,00003,Approved
USGS-01357500,2024-03-01,00060,,9820,ft^3/s,00003,Approved
USGS-01357500,2024-03-02,00060,,8000,ft^3/s,00003,Approved
USGS-01357500,2024-03-03,00060,,11400,ft^3/s,00003,Approved
USGS-01357500,2024-03-05,00060,,12500,ft^3/s,00003,Approved
USGS-01357500,2024-03-06,00060,,16800,ft^3/s,00003,Approved
USGS-01357500,2024-03-08,00060,,35900,ft^3/s,00003,Approved
USGS-01357500,2024-03-11,00060,,31300,ft^3/s,00003,Approved
USGS-01357500,2024-03-13,00060,,15500,ft^3/s,00003,Approved
USGS-01357500,2024-03-14,00060,,13200,ft^3/s,00003,Approved
USGS-01357500,2024-03-15,00060,,12000,ft^3/s,00003,Approved
USGS-01357500,2024-03-16,00060,,12800,ft^3/s,00003,Approved
USGS-01357500,2024-03-18,00060,,10800,ft^3/s,00003,Approved
USGS-01357500,2024-03-19,00060,,9630,ft^3/s,00003,Approved
USGS-01357500,2024-03-21,00060,,8160,ft^3/s,00003,Approved
USGS-01357500,2024-03-22,00060,,7750,ft^3/s,00003,Approved
USGS-01357500,2024-03-24,00060,,7270,ft^3/s,00003,Approved
USGS-01357500,2024-03-25,00060,,8000,ft^3/s,00003,Approved
USGS-01357500,2024-03-26,00060,,8680,ft^3/s,00003,Approved
USGS-01357500,2024-03-27,00060,,13600,ft^3/s,00003,Approved
USGS-01357500,2024-03-28,00060,,23100,ft^3/s,00003,Approved
USGS-01357500,2024-03-29,00060,,20600,ft^3/s,00003,Approved
USGS-01357500,2024-03-31,00060,,11900,ft^3/s,00003,Approved
USGS-01357500,2024-04-02,00060,,9120,ft^3/s,00003,Approved
USGS-01357500,2024-04-03,00060,,9100,ft^3/s,00003,Approved
USGS-01357500,2024-04-04,00060,,16700,ft^3/s,00003,Approved
USGS-01357500,2024-04-05,00060,,19100,ft^3/s,00003,Approved
USGS-01357500,2024-04-06,00060,,18700,ft^3/s,00003,Approved
USGS-01357500,2024-04-07,00060,,15700,ft^3/s,00003,Approved
USGS-01357500,2024-04-09,00060,,11400,ft^3/s,00003,Approved
USGS-01357500,2024-04-10,00060,,10200,ft^3/s,00003,Approved
USGS-01357500,2024-04-11,00060,,10300,ft^3/s,00003,Approved
USGS-01357500,2024-04-15,00060,,18300,ft^3/s,00003,Approved
USGS-01357500,2024-04-17,00060,,13400,ft^3/s,00003,Approved
USGS-01357500,2024-04-18,00060,,12600,ft^3/s,00003,Approved
USGS-01357500,2024-04-20,00060,,13200,ft^3/s,00003,Approved
USGS-01357500,2024-04-21,00060,,11900,ft^3/s,00003,Approved
USGS-01357500,2024-04-22,00060,,10200,ft^3/s,00003,Approved
USGS-01357500,2024-04-24,00060,,7610,ft^3/s,00003,Approved
USGS-01357500,2024-04-25,00060,,7470,ft^3/s,00003,Approved
USGS-01357500,2024-04-26,00060,,6500,ft^3/s,00003,Approved
USGS-01357500,2024-04-27,00060,,5670,ft^3/s,00003,Approved
USGS-01357500,2024-04-28,00060,,5250,ft^3/s,00003,Approved
USGS-01357500,2024-04-29,00060,,5200,ft^3/s,00003,Approved
USGS-01357500,2024-04-30,00060,,6000,ft^3/s,00003,Approved
USGS-01357500,2024-05-01,00060,,8240,ft^3/s,00003,Approved
USGS-01357500,2024-05-03,00060,,4630,ft^3/s,00003,Approved
USGS-01357500,2024-05-04,00060,,5230,ft^3/s,00003,Approved
USGS-01357500,2024-05-05,00060,,6060,ft^3/s,00003,Approved
USGS-01357500,2024-05-06,00060,,9570,ft^3/s,00003,Approved
USGS-01357500,2024-05-07,00060,,7910,ft^3/s,00003,Approved
USGS-01357500,2024-05-08,00060,,5730,ft^3/s,00003,Approved
USGS-01357500,2024-05-10,00060,,7280,ft^3/s,00003,Approved
USGS-01357500,2024-05-11,00060,,6620,ft^3/s,00003,Approved
USGS-01357500,2024-05-12,00060,,5050,ft^3/s,00003,Approved
USGS-01357500,2024-05-15,00060,,3570,ft^3/s,00003,Approved
USGS-01357500,2024-05-16,00060,,10700,ft^3/s,00003,Approved
USGS-01357500,2024-05-17,00060,,7530,ft^3/s,00003,Approved
USGS-01357500,2024-05-19,00060,,5500,ft^3/s,00003,Approved
USGS-01357500,2024-05-20,00060,,3210,ft^3/s,00003,Approved
USGS-01357500,2024-05-21,00060,,3440,ft^3/s,00003,Approved
USGS-01357500,2024-05-22,00060,,3690,ft^3/s,00003,Approved
USGS-01357500,2024-05-25,00060,,2510,ft^3/s,00003,Approved
USGS-01357500,2024-05-26,00060,,2280,ft^3/s,00003,Approved
USGS-01357500,2024-05-27,00060,,2460,ft^3/s,00003,Approved
USGS-01357500,2024-05-29,00060,,4280,ft^3/s,00003,Approved
USGS-01357500,2024-05-31,00060,,3080,ft^3/s,00003,Approved
USGS-01357500,2024-06-03,00060,,1870,ft^3/s,00003,Approved
USGS-01357500,2024-06-04,00060,,1940,ft^3/s,00003,Approved
USGS-01357500,2024-06-05,00060,,1940,ft^3/s,00003,Approved
USGS-01357500,2024-06-06,00060,,2300,ft^3/s,00003,Approved
USGS-01357500,2024-06-07,00060,,4000,ft^3/s,00003,Approved
USGS-01357500,2024-06-08,00060,,2860,ft^3/s,00003,Approved
USGS-01357500,2024-06-09,00060,,3690,ft^3/s,00003,Approved
USGS-01357500,2024-06-10,00060,,4480,ft^3/s,00003,Approved
USGS-01357500,2024-06-11,00060,,3870,ft^3/s,00003,Approved
USGS-01357500,2024-06-12,00060,,2740,ft^3/s,00003,Approved
USGS-01357500,2024-06-13,00060,,2330,ft^3/s,00003,Approved
USGS-01357500,2024-06-15,00060,,1150,ft^3/s,00003,Approved
USGS-01357500,2024-06-16,00060,,1490,ft^3/s,00003,Approved
USGS-01357500,2024-06-17,00060,,1420,ft^3/s,00003,Approved
USGS-01357500,2024-06-19,00060,,1280,ft^3/s,00003,Approved
USGS-01357500,2024-06-20,00060,,1590,ft^3/s,00003,Approved
USGS-01357500,2024-06-21,00060,,2470,ft^3/s,00003,Approved
USGS-01357500,2024-06-22,00060,,2150,ft^3/s,00003,Approved
USGS-01357500,2024-06-24,00060,,10100,ft^3/s,00003,Approved
USGS-01357500,2024-06-25,00060,,3920,ft^3/s,00003,Approved
USGS-01357500,2024-06-26,00060,,3120,ft^3/s,00003,Approved
USGS-01357500,2024-06-27,00060,,2050,ft^3/s,00003,Approved
USGS-01357500,2024-07-02,00060,,3920,ft^3/s,00003,Approved
USGS-01357500,2024-07-03,00060,,1860,ft^3/s,00003,Approved
USGS-01357500,2024-07-04,00060,,1850,ft^3/s,00003,Approved
USGS-01357500,2024-07-05,00060,,2160,ft^3/s,00003,Approved
USGS-01357500,2024-07-06,00060,,2240,ft^3/s,00003,Approved
USGS-01357500,2024-07-07,00060,,2130,ft^3/s,00003,Approved
USGS-01357500,2024-07-08,00060,,1860,ft^3/s,00003,Approved
USGS-01357500,2024-07-10,00060,,2830,ft^3/s,00003,Approved
USGS-01357500,2024-07-11,00060,,2090,ft^3/s,00003,Approved
USGS-01357500,2024-07-13,00060,,2430,ft^3/s,00003,Approved
USGS-01357500,2024-07-14,00060,,1890,ft^3/s,00003,Approved
USGS-01357500,2024-07-15,00060,,1850,ft^3/s,00003,Approved
USGS-01357500,2024-07-16,00060,,1510,ft^3/s,00003,Approved
USGS-01357500,2024-07-17,00060,,4080,ft^3/s,00003,Approved
USGS-01357500,2024-07-19,00060,,1910,ft^3/s,00003,Approved
USGS-01357500,2024-07-20,00060,,1120,ft^3/s,00003,Approved
USGS-01357500,2024-07-21,00060,,1990,ft^3/s,00003,Approved
USGS-01357500,2024-07-22,00060,,1640,ft^3/s,00003,Approved
USGS-01357500,2024-07-24,00060,,2000,ft^3/s,00003,Approved
USGS-01357500,2024-07-26,00060,,1520,ft^3/s,00003,Approved
USGS-01357500,2024-07-27,00060,,1470,ft^3/s,00003,Approved
USGS-01357500,2024-07-28,00060,,1870,ft^3/s,00003,Approved
USGS-01357500,2024-07-31,00060,,2000,ft^3/s,00003,Approved
USGS-01357500,2024-08-01,00060,,2070,ft^3/s,00003,Approved
USGS-01357500,2024-08-02,00060,,1390,ft^3/s,00003,Approved
USGS-01357500,2024-08-03,00060,,1730,ft^3/s,00003,Approved
USGS-01357500,2024-08-04,00060,,1580,ft^3/s,00003,Approved
USGS-01357500,2024-08-06,00060,,4220,ft^3/s,00003,Approved
USGS-01357500,2024-08-07,00060,,5300,ft^3/s,00003,Approved
USGS-01357500,2024-08-09,00060,,12400,ft^3/s,00003,Approved
USGS-01357500,2024-08-10,00060,,16500,ft^3/s,00003,Approved
USGS-01357500,2024-08-12,00060,,7570,ft^3/s,00003,Approved
USGS-01357500,2024-08-15,00060,,1320,ft^3/s,00003,Approved
USGS-01357500,2024-08-17,00060,,804,ft^3/s,00003,Approved
USGS-01357500,2024-08-18,00060,,3050,ft^3/s,00003,Approved
USGS-01357500,2024-08-19,00060,,3310,ft^3/s,00003,Approved
USGS-01357500,2024-08-22,00060,,4920,ft^3/s,00003,Approved
USGS-01357500,2024-08-23,00060,,2740,ft^3/s,00003,Approved
USGS-01357500,2024-08-24,00060,,2880,ft^3/s,00003,Approved
USGS-01357500,2024-08-25,00060,,2210,ft^3/s,00003,Approved
USGS-01357500,2024-08-27,00060,,1480,ft^3/s,00003,Approved
USGS-01357500,2024-08-28,00060,,1700,ft^3/s,00003,Approved
USGS-01357500,2024-08-30,00060,,1760,ft^3/s,00003,Approved
USGS-01357500,2024-08-31,00060,,1640,ft^3/s,00003,Approved
USGS-01357500,2024-09-01,00060,,2010,ft^3/s,00003,Approved
USGS-01357500,2024-09-02,00060,,2140,ft^3/s,00003,Approved
USGS-01357500,2024-09-03,00060,,1980,ft^3/s,00003,Approved
USGS-01357500,2024-09-06,00060,,1530,ft^3/s,00003,Approved
USGS-01357500,2024-09-08,00060,,1520,ft^3/s,00003,Approved
USGS-01357500,2024-09-09,00060,,1810,ft^3/s,00003,Approved
USGS-01357500,2024-09-12,00060,,1620,ft^3/s,00003,Approved
USGS-01357500,2024-09-14,00060,,1480,ft^3/s,00003,Approved
USGS-01357500,2024-09-16,00060,,1270,ft^3/s,00003,Approved
USGS-01357500,2024-09-18,00060,,1580,ft^3/s,00003,Approved
USGS-01357500,2024-09-19,00060,,1120,ft^3/s,00003,Approved
USGS-01357500,2024-09-20,00060,,989,ft^3/s,00003,Approved
USGS-01357500,2024-09-22,00060,,1060,ft^3/s,00003,Approved
USGS-01357500,2024-09-23,00060,,1070,ft^3/s,00003,Approved
USGS-01357500,2024-09-24,00060,,1130,ft^3/s,00003,Approved
USGS-01357500,2024-09-25,00060,,1490,ft^3/s,00003,Approved
USGS-01357500,2024-09-26,00060,,1220,ft^3/s,00003,Approved
USGS-01357500,2024-09-27,00060,,2410,ft^3/s,00003,Approved
USGS-01357500,2024-09-28,00060,,2690,ft^3/s,00003,Approved
USGS-01357500,2024-09-29,00060,,1720,ft^3/s,00003,Approved
USGS-01357500,2024-09-30,00060,,1610,ft^3/s,00003,Approved
USGS-01357500,2024-10-04,00060,,1200,ft^3/s,00003,Approved
USGS-01357500,2024-10-05,00060,,1210,ft^3/s,00003,Approved
USGS-01357500,2024-10-09,00060,,1090,ft^3/s,00003,Approved
USGS-01357500,2024-10-12,00060,,1530,ft^3/s,00003,Approved
USGS-01357500,2024-10-13,00060,,1320,ft^3/s,00003,Approved
USGS-01357500,2024-10-14,00060,,2570,ft^3/s,00003,Approved
USGS-01357500,2024-10-15,00060,,3720,ft^3/s,00003,Approved
USGS-01357500,2024-10-16,00060,,2950,ft^3/s,00003,Approved
USGS-01357500,2024-10-17,00060,,2440,ft^3/s,00003,Approved
USGS-01357500,2024-10-18,00060,,2570,ft^3/s,00003,Approved
USGS-01357500,2024-10-19,00060,,2410,ft^3/s,00003,Approved
USGS-01357500,2024-10-20,00060,,2370,ft^3/s,00003,Approved
USGS-01357500,2024-10-21,00060,,4000,ft^3/s,00003,Approved
USGS-01357500,2024-10-22,00060,,3290,ft^3/s,00003,Approved
USGS-01357500,2024-10-23,00060,,2720,ft^3/s,00003,Approved
USGS-01357500,2024-10-24,00060,,2860,ft^3/s,00003,Approved
USGS-01357500,2024-10-26,00060,,1720,ft^3/s,00003,Approved
USGS-01357500,2024-10-27,00060,,1640,ft^3/s,00003,Approved
USGS-01357500,2024-10-28,00060,,4510,ft^3/s,00003,Approved
USGS-01357500,2024-10-31,00060,,4920,ft^3/s,00003,Approved
USGS-01357500,2024-11-02,00060,,2700,ft^3/s,00003,Approved
USGS-01357500,2024-11-03,00060,,1600,ft^3/s,00003,Approved
USGS-01357500,2024-11-04,00060,,1290,ft^3/s,00003,Approved
USGS-01357500,2024-11-05,00060,,1420,ft^3/s,00003,Approved
USGS-01357500,2024-11-06,00060,,2670,ft^3/s,00003,Approved
USGS-01357500,2024-11-09,00060,,1380,ft^3/s,00003,Approved
USGS-01357500,2024-11-11,00060,,1500,ft^3/s,00003,Approved
USGS-01357500,2024-11-13,00060,,2590,ft^3/s,00003,Approved
USGS-01357500,2024-11-14,00060,,1710,ft^3/s,00003,Approved
USGS-01357500,2024-11-16,00060,,1550,ft^3/s,00003,Approved
USGS-01357500,2024-11-17,00060,,1220,ft^3/s,00003,Approved
USGS-01357500,2024-11-18,00060,,1120,ft^3/s,00003,Approved
USGS-01357500,2024-11-19,00060,,1290,ft^3/s,00003,Approved
USGS-01357500,2024-11-20,00060,,1230,ft^3/s,00003,Approved
USGS-01357500,2024-11-21,00060,,1670,ft^3/s,00003,Approved
USGS-01357500,2024-11-23,00060,,6390,ft^3/s,00003,Approved
USGS-01357500,2024-11-26,00060,,4430,ft^3/s,00003,Approved
USGS-01357500,2024-11-27,00060,,5260,ft^3/s,00003,Approved
USGS-01357500,2024-11-29,00060,,5330,ft^3/s,00003,Approved
USGS-01357500,2024-11-30,00060,,6130,ft^3/s,00003,Approved
USGS-01357500,2024-12-02,00060,,3990,ft^3/s,00003,Approved
USGS-01357500,2024-12-03,00060,,4010,ft^3/s,00003,Approved
USGS-01357500,2024-12-04,00060,,2940,ft^3/s,00003,Approved
USGS-01357500,2024-12-05,00060,,2860,ft^3/s,00003,Approved
USGS-01357500,2024-12-06,00060,,2750,ft^3/s,00003,Approved
USGS-01357500,2024-12-07,00060,,3090,ft^3/s,00003,Approved
USGS-01357500,2024-12-08,00060,,3060,ft^3/s,00003,Approved
USGS-01357500,2024-12-09,00060,,3590,ft^3/s,00003,Approved
USGS-01357500,2024-12-10,00060,,6300,ft^3/s,00003,Approved
USGS-01357500,2024-12-12,00060,,40200,ft^3/s,00003,Approved
USGS-01357500,2024-12-13,00060,,22700,ft^3/s,00003,Approved
USGS-01357500,2024-12-14,00060,,13900,ft^3/s,00003,Approved
USGS-01357500,2024-12-15,00060,,9240,ft^3/s,00003,Approved
USGS-01357500,2024-12-17,00060,,6730,ft^3/s,00003,Approved
USGS-01357500,2024-12-18,00060,,9270,ft^3/s,00003,Approved
USGS-01357500,2024-12-19,00060,,12300,ft^3/s,00003,Approved
USGS-01357500,2024-12-20,00060,,11500,ft^3/s,00003,Approved
USGS-01357500,2024-12-22,00060,,7370,ft^3/s,00003,Approved
USGS-01357500,2024-12-24,00060,,5300,ft^3/s,00003,Approved
USGS-01357500,2024-12-25,00060,,5690,ft^3/s,00003,Approved
USGS-01357500,2024-12-26,00060,,4730,ft^3/s,00003,Approved
USGS-01357500,2024-12-27,00060,,3920,ft^3/s,00003,Approved
USGS-01357500,2024-12-28,00060,,4000,ft^3/s,00003,Approved
USGS-01357500,2024-12-30,00060,,5640,ft^3/s,00003,Approved
USGS-01358000,2024-01-01,00060,,20200,ft^3/s,00003,Approved
USGS-01358000,2024-01-02,00060,,17600,ft^3/s,00003,Approved
USGS-01358000,2024-01-04,00060,,16300,ft^3/s,00003,Approved
USGS-01358000,2024-01-05,00060,,15600,ft^3/s,00003,Approved
USGS-01358000,2024-01-06,00060,,13800,ft^3/s,00003,Approved
USGS-01358000,2024-01-07,00060,,17000,ft^3/s,00003,Approved
USGS-01358000,2024-01-08,00060,,13400,ft^3/s,00003,Approved
USGS-01358000,2024-01-10,00060,,25400,ft^3/s,00003,Approved
USGS-01358000,2024-01-11,00060,,38000,ft^3/s,00003,Approved
USGS-01358000,2024-01-12,00060,,30900,ft^3/s,00003,Approved
USGS-01358000,2024-01-14,00060,,37500,ft^3/s,00003,Approved
USGS-01358000,2024-01-15,00060,,30500,ft^3/s,00003,Approved
USGS-01358000,2024-01-18,00060,,20800,ft^3/s,00003,Approved
USGS-01358000,2024-01-20,00060,,20000,ft^3/s,00003,Approved
USGS-01358000,2024-01-23,00060,,16300,ft^3/s,00003,Approved
USGS-01358000,2024-01-25,00060,,20700,ft^3/s,00003,Approved
USGS-01358000,2024-01-27,00060,,65700,ft^3/s,00003,Approved
USGS-01358000,2024-01-28,00060,,46200,ft^3/s,00003,Approved
USGS-01358000,2024-01-29,00060,,38900,ft^3/s,00003,Approved
USGS-01358000,2024-01-30,00060,,31700,ft^3/s,00003,Approved
USGS-01358000,2024-01-31,00060,,27100,ft^3/s,00003,Approved
USGS-01358000,2024-02-01,00060,,26400,ft^3/s,00003,Approved
USGS-01358000,2024-02-04,00060,,23600,ft^3/s,00003,Approved
USGS-01358000,2024-02-05,00060,,21900,ft^3/s,00003,Approved
USGS-01358000,2024-02-07,00060,,20100,ft^3/s,00003,Approved
USGS-01358000,2024-02-09,00060,,18000,ft^3/s,00003,Approved
USGS-01358000,2024-02-11,00060,,18800,ft^3/s,00003,Approved
USGS-01358000,2024-02-12,00060,,20000,ft^3/s,00003,Approved
USGS-01358000,2024-02-13,00060,,19300,ft^3/s,00003,Approved
USGS-01358000,2024-02-15,00060,,17200,ft^3/s,00003,Approved
USGS-01358000,2024-02-16,00060,,17000,ft^3/s,00003,Approved
USGS-01358000,2024-02-21,00060,,14500,ft^3/s,00003,Approved
USGS-01358000,2024-02-22,00060,,14500,ft^3/s,00003,Approved
USGS-01358000,2024-02-25,00060,,14700,ft^3/s,00003,Approved
USGS-01358000,2024-02-26,00060,,14100,ft^3/s,00003,Approved
USGS-01358000,2024-02-27,00060,,14600,ft^3/s,00003,Approved
USGS-01358000,2024-02-28,00060,,16100,ft^3/s,00003,Approved
USGS-01358000,2024-02-29,00060,,19600,ft^3/s,00003,Approved
USGS-01358000,2024-03-01,00060,,21000,ft^3/s,00003,Approved
USGS-01358000,2024-03-03,00060,,24000,ft^3/s,00003,Approved
USGS-01358000,2024-03-05,00060,,26200,ft^3/s,00003,Approved
USGS-01358000,2024-03-08,00060,,66000,ft^3/s,00003,Approved
USGS-01358000,2024-03-09,00060,,45600,ft^3/s,00003,Approved
USGS-01358000,2024-03-10,00060,,57400,ft^3/s,00003,Approved
USGS-01358000,2024-03-11,00060,,53300,ft^3/s,00003,Approved
USGS-01358000,2024-03-13,00060,,31800,ft^3/s,00003,Approved
USGS-01358000,2024-03-14,00060,,28400,ft^3/s,00003,Approved
USGS-01358000,2024-03-15,00060,,27700,ft^3/s,00003,Approved
USGS-01358000,2024-03-16,00060,,29700,ft^3/s,00003,Approved
USGS-01358000,2024-03-19,00060,,25500,ft^3/s,00003,Approved
USGS-01358000,2024-03-20,00060,,24100,ft^3/s,00003,Approved
USGS-01358000,2024-03-21,00060,,23100,ft^3/s,00003,Approved
USGS-01358000,2024-03-23,00060,,21800,ft^3/s,00003,Approved
USGS-01358000,2024-03-26,00060,,23100,ft^3/s,00003,Approved
USGS-01358000,2024-03-27,00060,,30700,ft^3/s,00003,Approved
USGS-01358000,2024-03-28,00060,,42100,ft^3/s,00003,Approved
USGS-01358000,2024-03-30,00060,,34400,ft^3/s,00003,Approved
USGS-01358000,2024-03-31,00060,,29500,ft^3/s,00003,Approved
USGS-01358000,2024-04-01,00060,,26400,ft^3/s,00003,Approved
USGS-01358000,2024-04-05,00060,,35000,ft^3/s,00003,Approved
USGS-01358000,2024-04-08,00060,,26700,ft^3/s,00003,Approved
USGS-01358000,2024-04-10,00060,,25200,ft^3/s,00003,Approved
USGS-01358000,2024-04-11,00060,,27000,ft^3/s,00003,Approved
USGS-01358000,2024-04-14,00060,,55800,ft^3/s,00003,Approved
USGS-01358000,2024-04-16,00060,,41000,ft^3/s,00003,Approved
USGS-01358000,2024-04-17,00060,,37600,ft^3/s,00003,Approved
USGS-01358000,2024-04-18,00060,,33600,ft^3/s,00003,Approved
USGS-01358000,2024-04-19,00060,,38000,ft^3/s,00003,Approved
USGS-01358000,2024-04-21,00060,,29500,ft^3/s,00003,Approved
USGS-01358000,2024-04-22,00060,,26800,ft^3/s,00003,Approved
USGS-01358000,2024-04-25,00060,,20100,ft^3/s,00003,Approved
USGS-01358000,2024-04-26,00060,,21400,ft^3/s,00003,Approved
USGS-01358000,2024-04-28,00060,,17800,ft^3/s,00003,Approved
USGS-01358000,2024-04-29,00060,,17700,ft^3/s,00003,Approved
USGS-01358000,2024-04-30,00060,,19000,ft^3/s,00003,Approved
USGS-01358000,2024-05-01,00060,,22900,ft^3/s,00003,Approved
USGS-01358000,2024-05-02,00060,,21800,ft^3/s,00003,Approved
USGS-01358000,2024-05-04,00060,,17600,ft^3/s,00003,Approved
USGS-01358000,2024-05-05,00060,,19300,ft^3/s,00003,Approved
USGS-01358000,2024-05-06,00060,,25300,ft^3/s,00003,Approved
USGS-01358000,2024-05-07,00060,,22200,ft^3/s,00003,Approved
USGS-01358000,2024-05-09,00060,,22700,ft^3/s,00003,Approved
USGS-01358000,2024-05-10,00060,,19200,ft^3/s,00003,Approved
USGS-01358000,2024-05-16,00060,,20000,ft^3/s,00003,Approved
USGS-01358000,2024-05-17,00060,,16000,ft^3/s,00003,Approved
USGS-01358000,2024-05-19,00060,,16600,ft^3/s,00003,Approved
USGS-01358000,2024-05-20,00060,,14200,ft^3/s,00003,Approved
USGS-01358000,2024-05-21,00060,,12100,ft^3/s,00003,Approved
USGS-01358000,2024-05-22,00060,,12500,ft^3/s,00003,Approved
USGS-01358000,2024-05-23,00060,,10100,ft^3/s,00003,Approved
USGS-01358000,2024-05-24,00060,,9240,ft^3/s,00003,Approved
USGS-01358000,2024-05-25,00060,,9880,ft^3/s,00003,Approved
USGS-01358000,2024-05-26,00060,,9590,ft^3/s,00003,Approved
USGS-01358000,2024-05-28,00060,,11800,ft^3/s,00003,Approved
USGS-01358000,2024-05-29,00060,,13800,ft^3/s,00003,Approved
USGS-01358000,2024-05-30,00060,,11800,ft^3/s,00003,Approved
USGS-01358000,2024-05-31,00060,,11200,ft^3/s,00003,Approved
USGS-01358000,2024-06-01,00060,,10500,ft^3/s,00003,Approved
USGS-01358000,2024-06-04,00060,,8950,ft^3/s,00003,Approved
USGS-01358000,2024-06-05,00060,,8880,ft^3/s,00003,Approved
USGS-01358000,2024-06-06,00060,,8840,ft^3/s,00003,Approved
USGS-01358000,2024-06-07,00060,,10300,ft^3/s,00003,Approved
USGS-01358000,2024-06-08,00060,,9750,ft^3/s,00003,Approved
USGS-01358000,2024-06-10,00060,,12000,ft^3/s,00003,Approved
USGS-01358000,2024-06-11,00060,,10900,ft^3/s,00003,Approved
USGS-01358000,2024-06-12,00060,,9930,ft^3/s,00003,Approved
USGS-01358000,2024-06-13,00060,,9130,ft^3/s,00003,Approved
USGS-01358000,2024-06-16,00060,,7880,ft^3/s,00003,Approved
USGS-01358000,2024-06-23,00060,,16100,ft^3/s,00003,Approved
USGS-01358000,2024-06-24,00060,,18300,ft^3/s,00003,Approved
USGS-01358000,2024-06-25,00060,,12500,ft^3/s,00003,Approved
USGS-01358000,2024-06-26,00060,,10800,ft^3/s,00003,Approved
USGS-01358000,2024-06-27,00060,,9800,ft^3/s,00003,Approved
USGS-01358000,2024-06-28,00060,,9210,ft^3/s,00003,Approved
USGS-01358000,2024-06-29,00060,,8660,ft^3/s,00003,Approved
USGS-01358000,2024-07-01,00060,,14600,ft^3/s,00003,Approved
USGS-01358000,2024-07-03,00060,,9780,ft^3/s,00003,Approved
USGS-01358000,2024-07-05,00060,,9280,ft^3/s,00003,Approved
USGS-01358000,2024-07-06,00060,,9200,ft^3/s,00003,Approved
USGS-01358000,2024-07-07,00060,,9230,ft^3/s,00003,Approved
USGS-01358000,2024-07-09,00060,,8390,ft^3/s,00003,Approved
USGS-01358000,2024-07-10,00060,,9030,ft^3/s,00003,Approved
USGS-01358000,2024-07-11,00060,,8870,ft^3/s,00003,Approved
USGS-01358000,2024-07-12,00060,,10500,ft^3/s,00003,Approved
USGS-01358000,2024-07-14,00060,,10700,ft^3/s,00003,Approved
USGS-01358000,2024-07-15,00060,,9740,ft^3/s,00003,Approved
USGS-01358000,2024-07-16,00060,,9350,ft^3/s,00003,Approved
USGS-01358000,2024-07-17,00060,,13300,ft^3/s,00003,Approved
USGS-01358000,2024-07-18,00060,,14700,ft^3/s,00003,Approved
USGS-01358000,2024-07-20,00060,,9350,ft^3/s,00003,Approved
USGS-01358000,2024-07-21,00060,,9360,ft^3/s,00003,Approved
USGS-01358000,2024-07-22,00060,,8950,ft^3/s,00003,Approved
USGS-01358000,2024-07-23,00060,,8640,ft^3/s,00003,Approved
USGS-01358000,2024-07-24,00060,,9950,ft^3/s,00003,Approved
USGS-01358000,2024-07-25,00060,,9490,ft^3/s,00003,Approved
USGS-01358000,2024-07-26,00060,,8930,ft^3/s,00003,Approved
USGS-01358000,2024-07-27,00060,,8540,ft^3/s,00003,Approved
USGS-01358000,2024-07-29,00060,,8410,ft^3/s,00003,Approved
USGS-01358000,2024-07-30,00060,,8610,ft^3/s,00003,Approved
USGS-01358000,2024-08-02,00060,,8260,ft^3/s,00003,Approved
USGS-01358000,2024-08-06,00060,,11400,ft^3/s,00003,Approved
USGS-01358000,2024-08-07,00060,,12300,ft^3/s,00003,Approved
USGS-01358000,2024-08-08,00060,,19400,ft^3/s,00003,Approved
USGS-01358000,2024-08-13,00060,,15600,ft^3/s,00003,Approved
USGS-01358000,2024-08-16,00060,,10200,ft^3/s,00003,Approved
USGS-01358000,2024-08-17,00060,,9530,ft^3/s,00003,Approved
USGS-01358000,2024-08-18,00060,,11700,ft^3/s,00003,Approved
USGS-01358000,2024-08-19,00060,,12300,ft^3/s,00003,Approved
USGS-01358000,2024-08-20,00060,,17100,ft^3/s,00003,Approved
USGS-01358000,2024-08-22,00060,,14000,ft^3/s,00003,Approved
USGS-01358000,2024-08-23,00060,,11800,ft^3/s,00003,Approved
USGS-01358000,2024-08-24,00060,,12300,ft^3/s,00003,Approved
USGS-01358000,2024-08-25,00060,,11400,ft^3/s,00003,Approved
USGS-01358000,2024-08-27,00060,,8920,ft^3/s,00003,Approved
USGS-01358000,2024-08-31,00060,,5050,ft^3/s,00003,Approved
USGS-01358000,2024-09-01,00060,,6360,ft^3/s,00003,Approved
USGS-01358000,2024-09-02,00060,,6660,ft^3/s,00003,Approved
USGS-01358000,2024-09-03,00060,,7150,ft^3/s,00003,Approved
USGS-01358000,2024-09-04,00060,,6170,ft^3/s,00003,Approved
USGS-01358000,2024-09-05,00060,,5920,ft^3/s,00003,Approved
USGS-01358000,2024-09-06,00060,,4860,ft^3/s,00003,Approved
USGS-01358000,2024-09-07,00060,,5000,ft^3/s,00003,Approved
USGS-01358000,2024-09-08,00060,,5060,ft^3/s,00003,Approved
USGS-01358000,2024-09-09,00060,,5030,ft^3/s,00003,Approved
USGS-01358000,2024-09-10,00060,,6780,ft^3/s,00003,Approved
USGS-01358000,2024-09-11,00060,,6080,ft^3/s,00003,Approved
USGS-01358000,2024-09-12,00060,,5500,ft^3/s,00003,Approved
USGS-01358000,2024-09-13,00060,,5530,ft^3/s,00003,Approved
USGS-01358000,2024-09-15,00060,,5090,ft^3/s,00003,Approved
USGS-01358000,2024-09-16,00060,,4710,ft^3/s,00003,Approved
USGS-01358000,2024-09-17,00060,,5330,ft^3/s,00003,Approved
USGS-01358000,2024-09-18,00060,,5940,ft^3/s,00003,Approved
USGS-01358000,2024-09-20,00060,,4890,ft^3/s,00003,Approved
USGS-01358000,2024-09-21,00060,,5010,ft^3/s,00003,Approved
USGS-01358000,2024-09-24,00060,,3820,ft^3/s,00003,Approved
USGS-01358000,2024-09-25,00060,,3770,ft^3/s,00003,Approved
USGS-01358000,2024-09-27,00060,,7760,ft^3/s,00003,Approved
USGS-01358000,2024-09-30,00060,,5660,ft^3/s,00003,Approved
USGS-01358000,2024-10-01,00060,,5250,ft^3/s,00003,Approved
USGS-01358000,2024-10-04,00060,,4170,ft^3/s,00003,Approved
USGS-01358000,2024-10-05,00060,,4590,ft^3/s,00003,Approved
USGS-01358000,2024-10-06,00060,,4210,ft^3/s,00003,Approved
USGS-01358000,2024-10-07,00060,,4220,ft^3/s,00003,Approved
USGS-01358000,2024-10-09,00060,,4410,ft^3/s,00003,Approved
USGS-01358000,2024-10-10,00060,,5200,ft^3/s,00003,Approved
USGS-01358000,2024-10-12,00060,,4810,ft^3/s,00003,Approved
USGS-01358000,2024-10-13,00060,,4450,ft^3/s,00003,Approved
USGS-01358000,2024-10-14,00060,,6310,ft^3/s,00003,Approved
USGS-01358000,2024-10-16,00060,,7020,ft^3/s,00003,Approved
USGS-01358000,2024-10-17,00060,,7000,ft^3/s,00003,Approved
USGS-01358000,2024-10-18,00060,,6070,ft^3/s,00003,Approved
USGS-01358000,2024-10-19,00060,,5980,ft^3/s,00003,Approved
USGS-01358000,2024-10-20,00060,,5900,ft^3/s,00003,Approved
USGS-01358000,2024-10-23,00060,,5950,ft^3/s,00003,Approved
USGS-01358000,2024-10-24,00060,,5900,ft^3/s,00003,Approved
USGS-01358000,2024-10-25,00060,,6380,ft^3/s,00003,Approved
USGS-01358000,2024-10-26,00060,,4620,ft^3/s,00003,Approved
USGS-01358000,2024-10-27,00060,,4650,ft^3/s,00003,Approved
USGS-01358000,2024-10-28,00060,,7390,ft^3/s,00003,Approved
USGS-01358000,2024-10-29,00060,,5040,ft^3/s,00003,Approved
USGS-01358000,2024-10-31,00060,,7660,ft^3/s,00003,Approved
USGS-01358000,2024-11-01,00060,,6390,ft^3/s,00003,Approved
USGS-01358000,2024-11-03,00060,,4380,ft^3/s,00003,Approved
USGS-01358000,2024-11-04,00060,,4140,ft^3/s,00003,Approved
USGS-01358000,2024-11-05,00060,,4220,ft^3/s,00003,Approved
USGS-01358000,2024-11-07,00060,,5910,ft^3/s,00003,Approved
USGS-01358000,2024-11-09,00060,,4310,ft^3/s,00003,Approved
USGS-01358000,2024-11-11,00060,,4430,ft^3/s,00003,Approved
USGS-01358000,2024-11-12,00060,,4710,ft^3/s,00003,Approved
USGS-01358000,2024-11-15,00060,,4400,ft^3/s,00003,Approved
USGS-01358000,2024-11-16,00060,,4530,ft^3/s,00003,Approved
USGS-01358000,2024-11-18,00060,,4360,ft^3/s,00003,Approved
USGS-01358000,2024-11-19,00060,,4170,ft^3/s,00003,Approved
USGS-01358000,2024-11-20,00060,,4160,ft^3/s,00003,Approved
USGS-01358000,2024-11-23,00060,,12000,ft^3/s,00003,Approved
USGS-01358000,2024-11-25,00060,,10200,ft^3/s,00003,Approved
USGS-01358000,2024-12-02,00060,,8990,ft^3/s,00003,Approved
USGS-01358000,2024-12-03,00060,,8360,ft^3/s,00003,Approved
USGS-01358000,2024-12-04,00060,,7380,ft^3/s,00003,Approved
USGS-01358000,2024-12-05,00060,,7860,ft^3/s,00003,Approved
USGS-01358000,2024-12-06,00060,,7380,ft^3/s,00003,Approved
USGS-01358000,2024-12-07,00060,,7440,ft^3/s,00003,Approved
USGS-01358000,2024-12-10,00060,,12200,ft^3/s,00003,Approved
USGS-01358000,2024-12-11,00060,,22200,ft^3/s,00003,Approved
USGS-01358000,2024-12-13,00060,,43800,ft^3/s,00003,Approved
USGS-01358000,2024-12-14,00060,,29700,ft^3/s,00003,Approved
USGS-01358000,2024-12-15,00060,,24000,ft^3/s,00003,Approved
USGS-01358000,2024-12-17,00060,,18800,ft^3/s,00003,Approved
USGS-01358000,2024-12-21,00060,,22000,ft^3/s,00003,Approved
USGS-01358000,2024-12-22,00060,,19700,ft^3/s,00003,Approved
USGS-01358000,2024-12-25,00060,,12100,ft^3/s,00003,Approved
USGS-01358000,2024-12-27,00060,,10900,ft^3/s,00003,Approved
USGS-01358000,2024-12-28,00060,,10800,ft^3/s,00003,Approved
USGS-01358000,2024-12-29,00060,,10600,ft^3/s,00003,Approved
USGS-01358000,2024-12-30,00060,,15000,ft^3/s,00003,Approved
USGS-01359135,2024-01-01,00060,,23.6,ft^3/s,00003,Approved
USGS-01359135,2024-01-04,00060,,21.7,ft^3/s,00003,Approved
USGS-01359135,2024-01-05,00060,,20.9,ft^3/s,00003,Approved
USGS-01359135,2024-01-06,00060,,21.0,ft^3/s,00003,Approved
USGS-01359135,2024-01-07,00060,,22.9,ft^3/s,00003,Approved
USGS-01359135,2024-01-10,00060,,208,ft^3/s,00003,Approved
USGS-01359135,2024-01-12,00060,,35.3,ft^3/s,00003,Approved
USGS-01359135,2024-01-15,00060,,31.9,ft^3/s,00003,Approved
USGS-01359135,2024-01-17,00060,,28.4,ft^3/s,00003,Approved
USGS-01359135,2024-01-18,00060,,26.5,ft^3/s,00003,Approved
USGS-01359135,2024-01-19,00060,,25.6,ft^3/s,00003,Approved
USGS-01359135,2024-01-20,00060,,24.3,ft^3/s,00003,Approved
USGS-01359135,2024-01-21,00060,,23.0,ft^3/s,00003,Approved
USGS-01359135,2024-01-23,00060,,23.3,ft^3/s,00003,Approved
USGS-01359135,2024-01-25,00060,,55.1,ft^3/s,00003,Approved
USGS-01359135,2024-01-27,00060,,47.0,ft^3/s,00003,Approved
USGS-01359135,2024-01-28,00060,,52.9,ft^3/s,00003,Approved
USGS-01359135,2024-01-29,00060,,49.0,ft^3/s,00003,Approved
USGS-01359135,2024-01-30,00060,,35.8,ft^3/s,00003,Approved
USGS-01359135,2024-01-31,00060,,32.7,ft^3/s,00003,Approved
USGS-01359135,2024-02-01,00060,,31.6,ft^3/s,00003,Approved
USGS-01359135,2024-02-02,00060,,30.8,ft^3/s,00003,Approved
USGS-01359135,2024-02-03,00060,,27.8,ft^3/s,00003,Approved
USGS-01359135,2024-02-04,00060,,26.7,ft^3/s,00003,Approved
USGS-01359135,2024-02-07,00060,,24.5,ft^3/s,00003,Approved
USGS-01359135,2024-02-08,00060,,24.1,ft^3/s,00003,Approved
USGS-01359135,2024-02-09,00060,,24.3,ft^3/s,00003,Approved
USGS-01359135,2024-02-11,00060,,23.2,ft^3/s,00003,Approved
USGS-01359135,2024-02-13,00060,,22.5,ft^3/s,00003,Approved
USGS-01359135,2024-02-14,00060,,21.2,ft^3/s,00003,Approved
USGS-01359135,2024-02-16,00060,,21.0,ft^3/s,00003,Approved
USGS-01359135,2024-02-17,00060,,20.7,ft^3/s,00003,Approved
USGS-01359135,2024-02-19,00060,,20.0,ft^3/s,00003,Approved
USGS-01359135,2024-02-21,00060,,19.5,ft^3/s,00003,Approved
USGS-01359135,2024-02-24,00060,,19.8,ft^3/s,00003,Approved
USGS-01359135,2024-02-26,00060,,19.0,ft^3/s,00003,Approved
USGS-01359135,2024-02-27,00060,,19.0,ft^3/s,00003,Approved
USGS-01359135,2024-02-28,00060,,28.2,ft^3/s,00003,Approved
USGS-01359135,2024-02-29,00060,,23.4,ft^3/s,00003,Approved
USGS-01359135,2024-03-01,00060,,19.0,ft^3/s,00003,Approved
USGS-01359135,2024-03-02,00060,,30.1,ft^3/s,00003,Approved
USGS-01359135,2024-03-03,00060,,29.0,ft^3/s,00003,Approved
USGS-01359135,2024-03-06,00060,,66.0,ft^3/s,00003,Approved
USGS-01359135,2024-03-07,00060,,160,ft^3/s,00003,Approved
USGS-01359135,2024-03-08,00060,,40.7,ft^3/s,00003,Approved
USGS-01359135,2024-03-09,00060,,63.7,ft^3/s,00003,Approved
USGS-01359135,2024-03-10,00060,,156,ft^3/s,00003,Approved
USGS-01359135,2024-03-11,00060,,44.9,ft^3/s,00003,Approved
USGS-01359135,2024-03-12,00060,,33.1,ft^3/s,00003,Approved
USGS-01359135,2024-03-14,00060,,27.5,ft^3/s,00003,Approved
USGS-01359135,2024-03-15,00060,,26.5,ft^3/s,00003,Approved
USGS-01359135,2024-03-18,00060,,24.7,ft^3/s,00003,Approved
USGS-01359135,2024-03-19,00060,,28.3,ft^3/s,00003,Approved
USGS-01359135,2024-03-21,00060,,22.1,ft^3/s,00003,Approved
USGS-01359135,2024-03-22,00060,,21.7,ft^3/s,00003,Approved
USGS-01359135,2024-03-23,00060,,91.5,ft^3/s,00003,Approved
USGS-01359135,2024-03-24,00060,,50.3,ft^3/s,00003,Approved
USGS-01359135,2024-03-26,00060,,37.3,ft^3/s,00003,Approved
USGS-01359135,2024-03-29,00060,,35.1,ft^3/s,00003,Approved
USGS-01359135,2024-03-30,00060,,28.9,ft^3/s,00003,Approved
USGS-01359135,2024-04-02,00060,,26.1,ft^3/s,00003,Approved
USGS-01359135,2024-04-03,00060,,44.1,ft^3/s,00003,Approved
USGS-01359135,2024-04-04,00060,,78.5,ft^3/s,00003,Approved
USGS-01359135,2024-04-05,00060,,42.3,ft^3/s,00003,Approved
USGS-01359135,2024-04-06,00060,,35.3,ft^3/s,00003,Approved
USGS-01359135,2024-04-07,00060,,29.5,ft^3/s,00003,Approved
USGS-01359135,2024-04-11,00060,,48.3,ft^3/s,00003,Approved
USGS-01359135,2024-04-12,00060,,104,ft^3/s,00003,Approved
USGS-01359135,2024-04-13,00060,,60.3,ft^3/s,00003,Approved
USGS-01359135,2024-04-14,00060,,39.7,ft^3/s,00003,Approved
USGS-01359135,2024-04-16,00060,,30.1,ft^3/s,00003,Approved
USGS-01359135,2024-04-17,00060,,29.8,ft^3/s,00003,Approved
USGS-01359135,2024-04-18,00060,,47.9,ft^3/s,00003,Approved
USGS-01359135,2024-04-19,00060,,33.7,ft^3/s,00003,Approved
USGS-01359135,2024-04-21,00060,,25.8,ft^3/s,00003,Approved
USGS-01359135,2024-04-24,00060,,26.1,ft^3/s,00003,Approved
USGS-01359135,2024-04-25,00060,,23.9,ft^3/s,00003,Approved
USGS-01359135,2024-04-26,00060,,23.4,ft^3/s,00003,Approved
USGS-01359135,2024-04-29,00060,,24.2,ft^3/s,00003,Approved
USGS-01359135,2024-04-30,00060,,36.9,ft^3/s,00003,Approved
USGS-01359135,2024-05-02,00060,,25.9,ft^3/s,00003,Approved
USGS-01359135,2024-05-03,00060,,23.4,ft^3/s,00003,Approved
USGS-01359135,2024-05-04,00060,,22.5,ft^3/s,00003,Approved
USGS-01359135,2024-05-06,00060,,39.0,ft^3/s,00003,Approved
USGS-01359135,2024-05-08,00060,,46.8,ft^3/s,00003,Approved
USGS-01359135,2024-05-09,00060,,27.4,ft^3/s,00003,Approved
USGS-01359135,2024-05-12,00060,,23.1,ft^3/s,00003,Approved
USGS-01359135,2024-05-13,00060,,22.8,ft^3/s,00003,Approved
USGS-01359135,2024-05-14,00060,,21.9,ft^3/s,00003,Approved
USGS-01359135,2024-05-15,00060,,37.8,ft^3/s,00003,Approved
USGS-01359135,2024-05-16,00060,,24.1,ft^3/s,00003,Approved
USGS-01359135,2024-05-17,00060,,21.5,ft^3/s,00003,Approved
USGS-01359135,2024-05-18,00060,,20.3,ft^3/s,00003,Approved
USGS-01359135,2024-05-19,00060,,19.6,ft^3/s,00003,Approved
USGS-01359135,2024-05-20,00060,,19.5,ft^3/s,00003,Approved
USGS-01359135,2024-05-21,00060,,20.1,ft^3/s,00003,Approved
USGS-01359135,2024-05-25,00060,,17.3,ft^3/s,00003,Approved
USGS-01359135,2024-05-26,00060,,18.1,ft^3/s,00003,Approved
USGS-01359135,2024-05-29,00060,,20.9,ft^3/s,00003,Approved
USGS-01359135,2024-05-30,00060,,17.9,ft^3/s,00003,Approved
USGS-01359135,2024-05-31,00060,,17.2,ft^3/s,00003,Approved
USGS-01359135,2024-06-01,00060,,16.4,ft^3/s,00003,Approved
USGS-01359135,2024-06-04,00060,,15.6,ft^3/s,00003,Approved
USGS-01359135,2024-06-05,00060,,15.5,ft^3/s,00003,Approved
USGS-01359135,2024-06-06,00060,,46.6,ft^3/s,00003,Approved
USGS-01359135,2024-06-07,00060,,49.4,ft^3/s,00003,Approved
USGS-01359135,2024-06-09,00060,,65.5,ft^3/s,00003,Approved
USGS-01359135,2024-06-10,00060,,23.9,ft^3/s,00003,Approved
USGS-01359135,2024-06-11,00060,,18.3,ft^3/s,00003,Approved
USGS-01359135,2024-06-12,00060,,16.9,ft^3/s,00003,Approved
USGS-01359135,2024-06-14,00060,,16.2,ft^3/s,00003,Approved
USGS-01359135,2024-06-15,00060,,15.4,ft^3/s,00003,Approved
USGS-01359135,2024-06-17,00060,,14.7,ft^3/s,00003,Approved
USGS-01359135,2024-06-18,00060,,14.8,ft^3/s,00003,Approved
USGS-01359135,2024-06-19,00060,,14.8,ft^3/s,00003,Approved
USGS-01359135,2024-06-20,00060,,15.6,ft^3/s,00003,Approved
USGS-01359135,2024-06-22,00060,,55.2,ft^3/s,00003,Approved
USGS-01359135,2024-06-23,00060,,39.5,ft^3/s,00003,Approved
USGS-01359135,2024-06-26,00060,,17.5,ft^3/s,00003,Approved
USGS-01359135,2024-06-27,00060,,15.6,ft^3/s,00003,Approved
USGS-01359135,2024-06-29,00060,,18.7,ft^3/s,00003,Approved
USGS-01359135,2024-06-30,00060,,18.3,ft^3/s,00003,Approved
USGS-01359135,2024-07-02,00060,,14.5,ft^3/s,00003,Approved
USGS-01359135,2024-07-03,00060,,14.1,ft^3/s,00003,Approved
USGS-01359135,2024-07-04,00060,,13.7,ft^3/s,00003,Approved
USGS-01359135,2024-07-05,00060,,14.5,ft^3/s,00003,Approved
USGS-01359135,2024-07-06,00060,,19.5,ft^3/s,00003,Approved
USGS-01359135,2024-07-07,00060,,14.3,ft^3/s,00003,Approved
USGS-01359135,2024-07-09,00060,,17.8,ft^3/s,00003,Approved
USGS-01359135,2024-07-10,00060,,13.0,ft^3/s,00003,Approved
USGS-01359135,2024-07-11,00060,,14.1,ft^3/s,00003,Approved
USGS-01359135,2024-07-13,00060,,15.7,ft^3/s,00003,Approved
USGS-01359135,2024-07-14,00060,,12.1,ft^3/s,00003,Approved
USGS-01359135,2024-07-15,00060,,12.0,ft^3/s,00003,Approved
USGS-01359135,2024-07-16,00060,,34.2,ft^3/s,00003,Approved
USGS-01359135,2024-07-17,00060,,82.6,ft^3/s,00003,Approved
USGS-01359135,2024-07-21,00060,,16.0,ft^3/s,00003,Approved
USGS-01359135,2024-07-22,00060,,12.9,ft^3/s,00003,Approved
USGS-01359135,2024-07-27,00060,,11.4,ft^3/s,00003,Approved
USGS-01359135,2024-07-28,00060,,11.3,ft^3/s,00003,Approved
USGS-01359135,2024-07-29,00060,,11.6,ft^3/s,00003,Approved
USGS-01359135,2024-07-30,00060,,11.6,ft^3/s,00003,Approved
USGS-01359135,2024-07-31,00060,,23.4,ft^3/s,00003,Approved
USGS-01359135,2024-08-01,00060,,18.1,ft^3/s,00003,Approved
USGS-01359135,2024-08-02,00060,,35.1,ft^3/s,00003,Approved
USGS-01359135,2024-08-03,00060,,27.1,ft^3/s,00003,Approved
USGS-01359135,2024-08-06,00060,,34.6,ft^3/s,00003,Approved
USGS-01359135,2024-08-07,00060,,54.1,ft^3/s,00003,Approved
USGS-01359135,2024-08-08,00060,,60.9,ft^3/s,00003,Approved
USGS-01359135,2024-08-10,00060,,108,ft^3/s,00003,Approved
USGS-01359135,2024-08-11,00060,,39.4,ft^3/s,00003,Approved
USGS-01359135,2024-08-12,00060,,21.6,ft^3/s,00003,Approved
USGS-01359135,2024-08-16,00060,,16.0,ft^3/s,00003,Approved
USGS-01359135,2024-08-18,00060,,24.2,ft^3/s,00003,Approved
USGS-01359135,2024-08-19,00060,,177,ft^3/s,00003,Approved
USGS-01359135,2024-08-21,00060,,49.9,ft^3/s,00003,Approved
USGS-01359135,2024-08-22,00060,,23.4,ft^3/s,00003,Approved
USGS-01359135,2024-08-23,00060,,19.0,ft^3/s,00003,Approved
USGS-01359135,2024-08-24,00060,,17.4,ft^3/s,00003,Approved
USGS-01359135,2024-08-25,00060,,16.3,ft^3/s,00003,Approved
USGS-01359135,2024-08-26,00060,,15.6,ft^3/s,00003,Approved
USGS-01359135,2024-08-29,00060,,14.5,ft^3/s,00003,Approved
USGS-01359135,2024-08-30,00060,,14.7,ft^3/s,00003,Approved
USGS-01359135,2024-09-02,00060,,15.2,ft^3/s,00003,Approved
USGS-01359135,2024-09-03,00060,,14.4,ft^3/s,00003,Approved
USGS-01359135,2024-09-06,00060,,22.9,ft^3/s,00003,Approved
USGS-01359135,2024-09-07,00060,,51.9,ft^3/s,00003,Approved
USGS-01359135,2024-09-08,00060,,25.3,ft^3/s,00003,Approved
USGS-01359135,2024-09-09,00060,,18.0,ft^3/s,00003,Approved
USGS-01359135,2024-09-10,00060,,15.7,ft^3/s,00003,Approved
USGS-01359135,2024-09-12,00060,,15.0,ft^3/s,00003,Approved
USGS-01359135,2024-09-14,00060,,14.4,ft^3/s,00003,Approved
USGS-01359135,2024-09-15,00060,,14.2,ft^3/s,00003,Approved
USGS-01359135,2024-09-17,00060,,13.5,ft^3/s,00003,Approved
USGS-01359135,2024-09-18,00060,,13.0,ft^3/s,00003,Approved
USGS-01359135,2024-09-19,00060,,12.8,ft^3/s,00003,Approved
USGS-01359135,2024-09-21,00060,,12.4,ft^3/s,00003,Approved
USGS-01359135,2024-09-22,00060,,12.3,ft^3/s,00003,Approved
USGS-01359135,2024-09-24,00060,,12.7,ft^3/s,00003,Approved
USGS-01359135,2024-09-25,00060,,14.9,ft^3/s,00003,Approved
USGS-01359135,2024-09-26,00060,,37.9,ft^3/s,00003,Approved
USGS-01359135,2024-09-27,00060,,16.2,ft^3/s,00003,Approved
USGS-01359135,2024-09-28,00060,,12.5,ft^3/s,00003,Approved
USGS-01359135,2024-09-29,00060,,11.7,ft^3/s,00003,Approved
USGS-01359135,2024-09-30,00060,,11.8,ft^3/s,00003,Approved
USGS-01359135,2024-10-01,00060,,11.3,ft^3/s,00003,Approved
USGS-01359135,2024-10-05,00060,,11.7,ft^3/s,00003,Approved
USGS-01359135,2024-10-06,00060,,11.3,ft^3/s,00003,Approved
USGS-01359135,2024-10-07,00060,,11.2,ft^3/s,00003,Approved
USGS-01359135,2024-10-11,00060,,11.4,ft^3/s,00003,Approved
USGS-01359135,2024-10-14,00060,,49.1,ft^3/s,00003,Approved
USGS-01359135,2024-10-15,00060,,17.7,ft^3/s,00003,Approved
USGS-01359135,2024-10-16,00060,,15.0,ft^3/s,00003,Approved
USGS-01359135,2024-10-17,00060,,13.6,ft^3/s,00003,Approved
USGS-01359135,2024-10-19,00060,,12.3,ft^3/s,00003,Approved
USGS-01359135,2024-10-20,00060,,12.4,ft^3/s,00003,Approved
USGS-01359135,2024-10-21,00060,,12.5,ft^3/s,00003,Approved
USGS-01359135,2024-10-22,00060,,13.9,ft^3/s,00003,Approved
USGS-01359135,2024-10-23,00060,,12.6,ft^3/s,00003,Approved
USGS-01359135,2024-10-24,00060,,12.4,ft^3/s,00003,Approved
USGS-01359135,2024-10-26,00060,,13.9,ft^3/s,00003,Approved
USGS-01359135,2024-10-27,00060,,12.3,ft^3/s,00003,Approved
USGS-01359135,2024-10-28,00060,,12.1,ft^3/s,00003,Approved
USGS-01359135,2024-10-29,00060,,15.7,ft^3/s,00003,Approved
USGS-01359135,2024-10-30,00060,,15.1,ft^3/s,00003,Approved
USGS-01359135,2024-10-31,00060,,13.2,ft^3/s,00003,Approved
USGS-01359135,2024-11-01,00060,,13.4,ft^3/s,00003,Approved
USGS-01359135,2024-11-02,00060,,12.2,ft^3/s,00003,Approved
USGS-01359135,2024-11-03,00060,,12.3,ft^3/s,00003,Approved
USGS-01359135,2024-11-04,00060,,12.5,ft^3/s,00003,Approved
USGS-01359135,2024-11-05,00060,,15.5,ft^3/s,00003,Approved
USGS-01359135,2024-11-06,00060,,20.8,ft^3/s,00003,Approved
USGS-01359135,2024-11-07,00060,,18.4,ft^3/s,00003,Approved
USGS-01359135,2024-11-08,00060,,17.4,ft^3/s,00003,Approved
USGS-01359135,2024-11-09,00060,,17.1,ft^3/s,00003,Approved
USGS-01359135,2024-11-10,00060,,17.4,ft^3/s,00003,Approved
USGS-01359135,2024-11-12,00060,,17.2,ft^3/s,00003,Approved
USGS-01359135,2024-11-13,00060,,16.6,ft^3/s,00003,Approved
USGS-01359135,2024-11-14,00060,,13.0,ft^3/s,00003,Approved
USGS-01359135,2024-11-15,00060,,10.8,ft^3/s,00003,Approved
USGS-01359135,2024-11-16,00060,,11.2,ft^3/s,00003,Approved
USGS-01359135,2024-11-17,00060,,10.9,ft^3/s,00003,Approved
USGS-01359135,2024-11-18,00060,,11.0,ft^3/s,00003,Approved
USGS-01359135,2024-11-19,00060,,13.5,ft^3/s,00003,Approved
USGS-01359135,2024-11-20,00060,,11.9,ft^3/s,00003,Approved
USGS-01359135,2024-11-21,00060,,47.5,ft^3/s,00003,Approved
USGS-01359135,2024-11-24,00060,,13.9,ft^3/s,00003,Approved
USGS-01359135,2024-11-27,00060,,16.2,ft^3/s,00003,Approved
USGS-01359135,2024-11-28,00060,,61.9,ft^3/s,00003,Approved
USGS-01359135,2024-11-29,00060,,28.1,ft^3/s,00003,Approved
USGS-01359135,2024-12-01,00060,,15.6,ft^3/s,00003,Approved
USGS-01359135,2024-12-02,00060,,14.8,ft^3/s,00003,Approved
USGS-01359135,2024-12-05,00060,,14.3,ft^3/s,00003,Approved
USGS-01359135,2024-12-06,00060,,13.6,ft^3/s,00003,Approved
USGS-01359135,2024-12-07,00060,,13.6,ft^3/s,00003,Approved
USGS-01359135,2024-12-08,00060,,15.6,ft^3/s,00003,Approved
USGS-01359135,2024-12-09,00060,,31.4,ft^3/s,00003,Approved
USGS-01359135,2024-12-11,00060,,135,ft^3/s,00003,Approved
USGS-01359135,2024-12-12,00060,,77.9,ft^3/s,00003,Approved
USGS-01359135,2024-12-13,00060,,35.7,ft^3/s,00003,Approved
USGS-01359135,2024-12-15,00060,,20.1,ft^3/s,00003,Approved
USGS-01359135,2024-12-16,00060,,22.1,ft^3/s,00003,Approved
USGS-01359135,2024-12-17,00060,,24.3,ft^3/s,00003,Approved
USGS-01359135,2024-12-18,00060,,27.4,ft^3/s,00003,Approved
USGS-01359135,2024-12-19,00060,,27.5,ft^3/s,00003,Approved
USGS-01359135,2024-12-20,00060,,20.6,ft^3/s,00003,Approved
USGS-01359135,2024-12-22,00060,,18.3,ft^3/s,00003,Approved
USGS-01359135,2024-12-23,00060,,17.7,ft^3/s,00003,Approved
USGS-01359135,2024-12-24,00060,,18.2,ft^3/s,00003,Approved
USGS-01359135,2024-12-25,00060,,17.8,ft^3/s,00003,Approved
USGS-01359135,2024-12-27,00060,,17.0,ft^3/s,00003,Approved
USGS-01359135,2024-12-29,00060,,20.8,ft^3/s,00003,Approved
USGS-01359135,2024-12-30,00060,,29.0,ft^3/s,00003,Approved
USGS-01359135,2024-12-31,00060,,19.8,ft^3/s,00003,Approved
USGS-01359528,2024-01-02,00060,,260,ft^3/s,00003,Approved
USGS-01359528,2024-01-04,00060,,98.0,ft^3/s,00003,Approved
USGS-01359528,2024-01-05,00060,,199,ft^3/s,00003,Approved
USGS-01359528,2024-01-06,00060,,253,ft^3/s,00003,Approved
USGS-01359528,2024-01-07,00060,,228,ft^3/s,00003,Approved
USGS-01359528,2024-01-08,00060,,134,ft^3/s,00003,Approved
USGS-01359528,2024-01-09,00060,,225,ft^3/s,00003,Approved
USGS-01359528,2024-01-10,00060,,1370,ft^3/s,00003,Approved
USGS-01359528,2024-01-11,00060,,1380,ft^3/s,00003,Approved
USGS-01359528,2024-01-12,00060,,662,ft^3/s,00003,Approved
USGS-01359528,2024-01-13,00060,,1410,ft^3/s,00003,Approved
USGS-01359528,2024-01-15,00060,,534,ft^3/s,00003,Approved
USGS-01359528,2024-01-16,00060,,426,ft^3/s,00003,Approved
USGS-01359528,2024-01-17,00060,,353,ft^3/s,00003,Approved
USGS-01359528,2024-01-18,00060,,340,ft^3/s,00003,Approved
USGS-01359528,2024-01-20,00060,,228,ft^3/s,00003,Approved
USGS-01359528,2024-01-21,00060,,280,ft^3/s,00003,Approved
USGS-01359528,2024-01-22,00060,,239,ft^3/s,00003,Approved
USGS-01359528,2024-01-23,00060,,116,ft^3/s,00003,Approved
USGS-01359528,2024-01-24,00060,,152,ft^3/s,00003,Approved
USGS-01359528,2024-01-26,00060,,2060,ft^3/s,00003,Approved
USGS-01359528,2024-01-29,00060,,778,ft^3/s,00003,Approved
USGS-01359528,2024-01-30,00060,,636,ft^3/s,00003,Approved
USGS-01359528,2024-01-31,00060,,514,ft^3/s,00003,Approved
USGS-01359528,2024-02-01,00060,,440,ft^3/s,00003,Approved
USGS-01359528,2024-02-02,00060,,405,ft^3/s,00003,Approved
USGS-01359528,2024-02-03,00060,,418,ft^3/s,00003,Approved
USGS-01359528,2024-02-04,00060,,363,ft^3/s,00003,Approved
USGS-01359528,2024-02-05,00060,,281,ft^3/s,00003,Approved
USGS-01359528,2024-02-06,00060,,201,ft^3/s,00003,Approved
USGS-01359528,2024-02-07,00060,,203,ft^3/s,00003,Approved
USGS-01359528,2024-02-08,00060,,202,ft^3/s,00003,Approved
USGS-01359528,2024-02-09,00060,,206,ft^3/s,00003,Approved
USGS-01359528,2024-02-10,00060,,208,ft^3/s,00003,Approved
USGS-01359528,2024-02-11,00060,,203,ft^3/s,00003,Approved
USGS-01359528,2024-02-12,00060,,236,ft^3/s,00003,Approved
USGS-01359528,2024-02-13,00060,,262,ft^3/s,00003,Approved
USGS-01359528,2024-02-14,00060,,246,ft^3/s,00003,Approved
USGS-01359528,2024-02-17,00060,,101,ft^3/s,00003,Approved
USGS-01359528,2024-02-18,00060,,212,ft^3/s,00003,Approved
USGS-01359528,2024-02-20,00060,,117,ft^3/s,00003,Approved
USGS-01359528,2024-02-22,00060,,59.8,ft^3/s,00003,Approved
USGS-01359528,2024-02-23,00060,,109,ft^3/s,00003,Approved
USGS-01359528,2024-02-24,00060,,135,ft^3/s,00003,Approved
USGS-01359528,2024-02-25,00060,,129,ft^3/s,00003,Approved
USGS-01359528,2024-02-26,00060,,118,ft^3/s,00003,Approved
USGS-01359528,2024-02-27,00060,,60.7,ft^3/s,00003,Approved
USGS-01359528,2024-02-28,00060,,165,ft^3/s,00003,Approved
USGS-01359528,2024-02-29,00060,,132,ft^3/s,00003,Approved
USGS-01359528,2024-03-02,00060,,195,ft^3/s,00003,Approved
USGS-01359528,2024-03-03,00060,,446,ft^3/s,00003,Approved
USGS-01359528,2024-03-04,00060,,398,ft^3/s,00003,Approved
USGS-01359528,2024-03-05,00060,,399,ft^3/s,00003,Approved
USGS-01359528,2024-03-06,00060,,1490,ft^3/s,00003,Approved
USGS-01359528,2024-03-07,00060,,3200,ft^3/s,00003,Approved
USGS-01359528,2024-03-08,00060,,1470,ft^3/s,00003,Approved
USGS-01359528,2024-03-09,00060,,701,ft^3/s,00003,Approved
USGS-01359528,2024-03-10,00060,,2180,ft^3/s,00003,Approved
USGS-01359528,2024-03-14,00060,,404,ft^3/s,00003,Approved
USGS-01359528,2024-03-15,00060,,351,ft^3/s,00003,Approved
USGS-01359528,2024-03-16,00060,,340,ft^3/s,00003,Approved
USGS-01359528,2024-03-18,00060,,290,ft^3/s,00003,Approved
USGS-01359528,2024-03-19,00060,,279,ft^3/s,00003,Approved
USGS-01359528,2024-03-21,00060,,264,ft^3/s,00003,Approved
USGS-01359528,2024-03-22,00060,,190,ft^3/s,00003,Approved
USGS-01359528,2024-03-23,00060,,318,ft^3/s,00003,Approved
USGS-01359528,2024-03-24,00060,,398,ft^3/s,00003,Approved
USGS-01359528,2024-03-25,00060,,441,ft^3/s,00003,Approved
USGS-01359528,2024-03-27,00060,,999,ft^3/s,00003,Approved
USGS-01359528,2024-03-28,00060,,1220,ft^3/s,00003,Approved
USGS-01359528,2024-03-29,00060,,729,ft^3/s,00003,Approved
USGS-01359528,2024-03-31,00060,,391,ft^3/s,00003,Approved
USGS-01359528,2024-04-02,00060,,276,ft^3/s,00003,Approved
USGS-01359528,2024-04-04,00060,,814,ft^3/s,00003,Approved
USGS-01359528,2024-04-05,00060,,807,ft^3/s,00003,Approved
USGS-01359528,2024-04-06,00060,,749,ft^3/s,00003,Approved
USGS-01359528,2024-04-08,00060,,489,ft^3/s,00003,Approved
USGS-01359528,2024-04-09,00060,,376,ft^3/s,00003,Approved
USGS-01359528,2024-04-10,00060,,332,ft^3/s,00003,Approved
USGS-01359528,2024-04-11,00060,,338,ft^3/s,00003,Approved
USGS-01359528,2024-04-12,00060,,1020,ft^3/s,00003,Approved
USGS-01359528,2024-04-13,00060,,952,ft^3/s,00003,Approved
USGS-01359528,2024-04-15,00060,,485,ft^3/s,00003,Approved
USGS-01359528,2024-04-16,00060,,383,ft^3/s,00003,Approved
USGS-01359528,2024-04-17,00060,,309,ft^3/s,00003,Approved
USGS-01359528,2024-04-18,00060,,369,ft^3/s,00003,Approved
USGS-01359528,2024-04-19,00060,,443,ft^3/s,00003,Approved
USGS-01359528,2024-04-21,00060,,271,ft^3/s,00003,Approved
USGS-01359528,2024-04-22,00060,,257,ft^3/s,00003,Approved
USGS-01359528,2024-04-23,00060,,236,ft^3/s,00003,Approved
USGS-01359528,2024-04-25,00060,,108,ft^3/s,00003,Approved
USGS-01359528,2024-04-28,00060,,202,ft^3/s,00003,Approved
USGS-01359528,2024-04-29,00060,,87.7,ft^3/s,00003,Approved
USGS-01359528,2024-04-30,00060,,75.0,ft^3/s,00003,Approved
USGS-01359528,2024-05-01,00060,,153,ft^3/s,00003,Approved
USGS-01359528,2024-05-02,00060,,214,ft^3/s,00003,Approved
USGS-01359528,2024-05-03,00060,,199,ft^3/s,00003,Approved
USGS-01359528,2024-05-04,00060,,196,ft^3/s,00003,Approved
USGS-01359528,2024-05-05,00060,,229,ft^3/s,00003,Approved
USGS-01359528,2024-05-08,00060,,291,ft^3/s,00003,Approved
USGS-01359528,2024-05-10,00060,,251,ft^3/s,00003,Approved
USGS-01359528,2024-05-11,00060,,230,ft^3/s,00003,Approved
USGS-01359528,2024-05-12,00060,,207,ft^3/s,00003,Approved
USGS-01359528,2024-05-13,00060,,180,ft^3/s,00003,Approved
USGS-01359528,2024-05-14,00060,,67.7,ft^3/s,00003,Approved
USGS-01359528,2024-05-17,00060,,237,ft^3/s,00003,Approved
USGS-01359528,2024-05-19,00060,,129,ft^3/s,00003,Approved
USGS-01359528,2024-05-20,00060,,115,ft^3/s,00003,Approved
USGS-01359528,2024-05-21,00060,,53.6,ft^3/s,00003,Approved
USGS-01359528,2024-05-22,00060,,60.6,ft^3/s,00003,Approved
USGS-01359528,2024-05-23,00060,,128,ft^3/s,00003,Approved
USGS-01359528,2024-05-24,00060,,125,ft^3/s,00003,Approved
USGS-01359528,2024-05-25,00060,,74.2,ft^3/s,00003,Approved
USGS-01359528,2024-05-27,00060,,53.7,ft^3/s,00003,Approved
USGS-01359528,2024-05-29,00060,,62.1,ft^3/s,00003,Approved
USGS-01359528,2024-05-31,00060,,121,ft^3/s,00003,Approved
USGS-01359528,2024-06-01,00060,,114,ft^3/s,00003,Approved
USGS-01359528,2024-06-05,00060,,34.5,ft^3/s,00003,Approved
USGS-01359528,2024-06-06,00060,,46.6,ft^3/s,00003,Approved
USGS-01359528,2024-06-07,00060,,78.7,ft^3/s,00003,Approved
USGS-01359528,2024-06-08,00060,,50.5,ft^3/s,00003,Approved
USGS-01359528,2024-06-09,00060,,104,ft^3/s,00003,Approved
USGS-01359528,2024-06-10,00060,,71.9,ft^3/s,00003,Approved
USGS-01359528,2024-06-11,00060,,96.1,ft^3/s,00003,Approved
USGS-01359528,2024-06-12,00060,,48.2,ft^3/s,00003,Approved
USGS-01359528,2024-06-13,00060,,39.8,ft^3/s,00003,Approved
USGS-01359528,2024-06-14,00060,,106,ft^3/s,00003,Approved
USGS-01359528,2024-06-15,00060,,131,ft^3/s,00003,Approved
USGS-01359528,2024-06-19,00060,,35.5,ft^3/s,00003,Approved
USGS-01359528,2024-06-21,00060,,79.5,ft^3/s,00003,Approved
USGS-01359528,2024-06-22,00060,,126,ft^3/s,00003,Approved
USGS-01359528,2024-06-23,00060,,130,ft^3/s,00003,Approved
USGS-01359528,2024-06-24,00060,,128,ft^3/s,00003,Approved
USGS-01359528,2024-06-25,00060,,86.8,ft^3/s,00003,Approved
USGS-01359528,2024-06-26,00060,,56.5,ft^3/s,00003,Approved
USGS-01359528,2024-06-27,00060,,57.9,ft^3/s,00003,Approved
USGS-01359528,2024-06-28,00060,,50.9,ft^3/s,00003,Approved
USGS-01359528,2024-06-29,00060,,48.1,ft^3/s,00003,Approved
USGS-01359528,2024-07-04,00060,,37.0,ft^3/s,00003,Approved
USGS-01359528,2024-07-08,00060,,31.9,ft^3/s,00003,Approved
USGS-01359528,2024-07-10,00060,,29.1,ft^3/s,00003,Approved
USGS-01359528,2024-07-11,00060,,33.5,ft^3/s,00003,Approved
USGS-01359528,2024-07-12,00060,,29.7,ft^3/s,00003,Approved
USGS-01359528,2024-07-13,00060,,27.1,ft^3/s,00003,Approved
USGS-01359528,2024-07-14,00060,,26.0,ft^3/s,00003,Approved
USGS-01359528,2024-07-18,00060,,82.4,ft^3/s,00003,Approved
USGS-01359528,2024-07-20,00060,,30.4,ft^3/s,00003,Approved
USGS-01359528,2024-07-21,00060,,29.7,ft^3/s,00003,Approved
USGS-01359528,2024-07-25,00060,,28.9,ft^3/s,00003,Approved
USGS-01359528,2024-07-28,00060,,23.5,ft^3/s,00003,Approved
USGS-01359528,2024-07-29,00060,,24.2,ft^3/s,00003,Approved
USGS-01359528,2024-08-01,00060,,47.7,ft^3/s,00003,Approved
USGS-01359528,2024-08-02,00060,,40.6,ft^3/s,00003,Approved
USGS-01359528,2024-08-03,00060,,55.6,ft^3/s,00003,Approved
USGS-01359528,2024-08-04,00060,,42.8,ft^3/s,00003,Approved
USGS-01359528,2024-08-05,00060,,35.6,ft^3/s,00003,Approved
USGS-01359528,2024-08-06,00060,,51.2,ft^3/s,00003,Approved
USGS-01359528,2024-08-08,00060,,85.3,ft^3/s,00003,Approved
USGS-01359528,2024-08-10,00060,,1160,ft^3/s,00003,Approved
USGS-01359528,2024-08-11,00060,,302,ft^3/s,00003,Approved
USGS-01359528,2024-08-13,00060,,133,ft^3/s,00003,Approved
USGS-01359528,2024-08-14,00060,,105,ft^3/s,00003,Approved
USGS-01359528,2024-08-16,00060,,74.6,ft^3/s,00003,Approved
USGS-01359528,2024-08-17,00060,,63.0,ft^3/s,00003,Approved
USGS-01359528,2024-08-18,00060,,74.6,ft^3/s,00003,Approved
USGS-01359528,2024-08-19,00060,,424,ft^3/s,00003,Approved
USGS-01359528,2024-08-20,00060,,342,ft^3/s,00003,Approved
USGS-01359528,2024-08-21,00060,,119,ft^3/s,00003,Approved
USGS-01359528,2024-08-22,00060,,83.6,ft^3/s,00003,Approved
USGS-01359528,2024-08-23,00060,,66.7,ft^3/s,00003,Approved
USGS-01359528,2024-08-25,00060,,51.6,ft^3/s,00003,Approved
USGS-01359528,2024-08-27,00060,,45.2,ft^3/s,00003,Approved
USGS-01359528,2024-08-28,00060,,41.9,ft^3/s,00003,Approved
USGS-01359528,2024-08-30,00060,,37.3,ft^3/s,00003,Approved
USGS-01359528,2024-09-02,00060,,35.3,ft^3/s,00003,Approved
USGS-01359528,2024-09-03,00060,,34.9,ft^3/s,00003,Approved
USGS-01359528,2024-09-04,00060,,42.2,ft^3/s,00003,Approved
USGS-01359528,2024-09-05,00060,,28.7,ft^3/s,00003,Approved
USGS-01359528,2024-09-06,00060,,33.7,ft^3/s,00003,Approved
USGS-01359528,2024-09-07,00060,,48.6,ft^3/s,00003,Approved
USGS-01359528,2024-09-08,00060,,58.6,ft^3/s,00003,Approved
USGS-01359528,2024-09-11,00060,,83.4,ft^3/s,00003,Approved
USGS-01359528,2024-09-12,00060,,49.4,ft^3/s,00003,Approved
USGS-01359528,2024-09-13,00060,,78.7,ft^3/s,00003,Approved
USGS-01359528,2024-09-14,00060,,37.6,ft^3/s,00003,Approved
USGS-01359528,2024-09-16,00060,,25.0,ft^3/s,00003,Approved
USGS-01359528,2024-09-17,00060,,29.5,ft^3/s,00003,Approved
USGS-01359528,2024-09-18,00060,,24.7,ft^3/s,00003,Approved
USGS-01359528,2024-09-19,00060,,24.5,ft^3/s,00003,Approved
USGS-01359528,2024-09-20,00060,,23.6,ft^3/s,00003,Approved
USGS-01359528,2024-09-21,00060,,23.3,ft^3/s,00003,Approved
USGS-01359528,2024-09-24,00060,,22.4,ft^3/s,00003,Approved
USGS-01359528,2024-09-25,00060,,26.6,ft^3/s,00003,Approved
USGS-01359528,2024-09-26,00060,,50.9,ft^3/s,00003,Approved
USGS-01359528,2024-09-27,00060,,44.5,ft^3/s,00003,Approved
USGS-01359528,2024-09-28,00060,,29.9,ft^3/s,00003,Approved
USGS-01359528,2024-09-29,00060,,26.7,ft^3/s,00003,Approved
USGS-01359528,2024-09-30,00060,,25.7,ft^3/s,00003,Approved
USGS-01359528,2024-10-02,00060,,25.2,ft^3/s,00003,Approved
USGS-01359528,2024-10-03,00060,,24.5,ft^3/s,00003,Approved
USGS-01359528,2024-10-04,00060,,23.7,ft^3/s,00003,Approved
USGS-01359528,2024-10-07,00060,,24.1,ft^3/s,00003,Approved
USGS-01359528,2024-10-08,00060,,24.6,ft^3/s,00003,Approved
USGS-01359528,2024-10-10,00060,,23.9,ft^3/s,00003,Approved
USGS-01359528,2024-10-11,00060,,24.1,ft^3/s,00003,Approved
USGS-01359528,2024-10-13,00060,,29.2,ft^3/s,00003,Approved
USGS-01359528,2024-10-14,00060,,85.6,ft^3/s,00003,Approved
USGS-01359528,2024-10-15,00060,,54.1,ft^3/s,00003,Approved
USGS-01359528,2024-10-17,00060,,28.1,ft^3/s,00003,Approved
USGS-01359528,2024-10-18,00060,,26.1,ft^3/s,00003,Approved
USGS-01359528,2024-10-19,00060,,25.5,ft^3/s,00003,Approved
USGS-01359528,2024-10-20,00060,,25.2,ft^3/s,00003,Approved
USGS-01359528,2024-10-21,00060,,25.8,ft^3/s,00003,Approved
USGS-01359528,2024-10-22,00060,,25.4,ft^3/s,00003,Approved
USGS-01359528,2024-10-23,00060,,25.1,ft^3/s,00003,Approved
USGS-01359528,2024-10-25,00060,,25.8,ft^3/s,00003,Approved
USGS-01359528,2024-10-26,00060,,25.6,ft^3/s,00003,Approved
USGS-01359528,2024-10-27,00060,,24.8,ft^3/s,00003,Approved
USGS-01359528,2024-10-28,00060,,29.3,ft^3/s,00003,Approved
USGS-01359528,2024-10-29,00060,,29.2,ft^3/s,00003,Approved
USGS-01359528,2024-10-30,00060,,39.1,ft^3/s,00003,Approved
USGS-01359528,2024-10-31,00060,,32.3,ft^3/s,00003,Approved
USGS-01359528,2024-11-02,00060,,29.6,ft^3/s,00003,Approved
USGS-01359528,2024-11-03,00060,,30.5,ft^3/s,00003,Approved
USGS-01359528,2024-11-04,00060,,30.4,ft^3/s,00003,Approved
USGS-01359528,2024-11-05,00060,,30.8,ft^3/s,00003,Approved
USGS-01359528,2024-11-06,00060,,30.4,ft^3/s,00003,Approved
USGS-01359528,2024-11-07,00060,,29.9,ft^3/s,00003,Approved
USGS-01359528,2024-11-09,00060,,28.4,ft^3/s,00003,Approved
USGS-01359528,2024-11-10,00060,,28.9,ft^3/s,00003,Approved
USGS-01359528,2024-11-11,00060,,33.1,ft^3/s,00003,Approved
USGS-01359528,2024-11-12,00060,,32.0,ft^3/s,00003,Approved
USGS-01359528,2024-11-13,00060,,29.6,ft^3/s,00003,Approved
USGS-01359528,2024-11-14,00060,,28.9,ft^3/s,00003,Approved
USGS-01359528,2024-11-16,00060,,30.5,ft^3/s,00003,Approved
USGS-01359528,2024-11-17,00060,,29.5,ft^3/s,00003,Approved
USGS-01359528,2024-11-19,00060,,29.8,ft^3/s,00003,Approved
USGS-01359528,2024-11-24,00060,,107,ft^3/s,00003,Approved
USGS-01359528,2024-11-27,00060,,186,ft^3/s,00003,Approved
USGS-01359528,2024-11-28,00060,,237,ft^3/s,00003,Approved
USGS-01359528,2024-11-30,00060,,77.3,ft^3/s,00003,Approved
USGS-01359528,2024-12-01,00060,,52.1,ft^3/s,00003,Approved
USGS-01359528,2024-12-02,00060,,60.6,ft^3/s,00003,Approved
USGS-01359528,2024-12-03,00060,,68.0,ft^3/s,00003,Approved
USGS-01359528,2024-12-04,00060,,62.8,ft^3/s,00003,Approved
USGS-01359528,2024-12-05,00060,,61.8,ft^3/s,00003,Approved
USGS-01359528,2024-12-06,00060,,62.1,ft^3/s,00003,Approved
USGS-01359528,2024-12-08,00060,,55.7,ft^3/s,00003,Approved
USGS-01359528,2024-12-11,00060,,563,ft^3/s,00003,Approved
USGS-01359528,2024-12-12,00060,,1570,ft^3/s,00003,Approved
USGS-01359528,2024-12-14,00060,,316,ft^3/s,00003,Approved
USGS-01359528,2024-12-15,00060,,241,ft^3/s,00003,Approved
USGS-01359528,2024-12-16,00060,,241,ft^3/s,00003,Approved
USGS-01359528,2024-12-17,00060,,141,ft^3/s,00003,Approved
USGS-01359528,2024-12-20,00060,,245,ft^3/s,00003,Approved
USGS-01359528,2024-12-23,00060,,129,ft^3/s,00003,Approved
USGS-01359528,2024-12-25,00060,,53.3,ft^3/s,00003,Approved
USGS-01359528,2024-12-26,00060,,48.3,ft^3/s,00003,Approved
USGS-01359528,2024-12-27,00060,,47.8,ft^3/s,00003,Approved
USGS-01359528,2024-12-28,00060,,50.6,ft^3/s,00003,Approved
USGS-01359528,2024-12-29,00060,,56.9,ft^3/s,00003,Approved
USGS-01359528,2024-12-31,00060,,257,ft^3/s,00003,Approved
